is_humanitaire_pred;is_securitaire_pred
0.5166901739539257;0.7273154677950164
0.3923785594639866;0.6775544388609716
0.3699897225077081;0.5683453237410072
0.4116847826086957;0.6582880434782609
0.4158415841584158;0.5829207920792079
0.6077981651376146;0.6513761467889908
0.6666666666666666;0.6790123456790124
0.6530612244897959;0.5867346938775511
