is_humanitaire_pred;is_securitaire_pred
0.5959849435382685;0.6624843161856964
0.3616;0.6712
0.43432343234323434;0.6825082508250825
0.5315315315315315;0.634009009009009
0.4135304659498208;0.6568100358422939
0.6153846153846154;0.613933236574746
